{
  "ref_date": "17/11/2025",
  "curve_file": "data\\real_data\\CurvaZero_17112025.csv",
  "curve_kind": "prefixados",
  "models": {
    "CIR": {
      "kappa": 1.2019182361126426,
      "theta": 0.13480985262871006,
      "sigma": 0.20086407327797579,
      "r0": 0.1314843007183317
    },
    "Vasicek": {
      "kappa": 1.2397987649052806,
      "theta": 0.13302268794270591,
      "sigma": 0.00042125426117153777,
      "r0": 0.13216085203892575
    },
    "Hull-White": {
      "kappa": 1.2397987649052806,
      "theta": 0.13302268794270591,
      "sigma": 0.00042125426117153777,
      "r0": 0.13216085203892575,
      "shift_times": [
        0.0,
        0.08333333333333333,
        0.16666666666666666,
        0.25,
        0.5,
        1.0,
        2.0,
        3.0,
        4.0,
        5.0
      ],
      "shift_values": [
        0.0,
        0.017188121642059684,
        0.016775935581137713,
        0.016022379544792548,
        0.012624629807395232,
        0.005179263169685033,
        -0.0024802088596912464,
        -0.002880557566754288,
        -0.0008220817998091656,
        0.001526101772243077
      ]
    }
  }
}