scheme,n_steps,dt,rmse
em,52,0.019230769230769232,0.0012685490757992617
em,104,0.009615384615384616,0.0008486953767405015
em,208,0.004807692307692308,0.0005502758768215937
em,416,0.002403846153846154,0.0003152301504723586
em,832,0.001201923076923077,0.0
