scenario,pv_assets,pv_passives,pv_net,duration_assets,duration_passives,duration_gap
base,3144453.999011391,2818015.056108024,326438.9429033669,3.131717072501557,2.3825930756610614,0.7491239968404955
parallel_up_100bps,3047914.407589527,2751953.203764951,295961.203824576,3.1048168635560662,2.3617725967429353,0.743044266813131
parallel_down_100bps,3244923.315422243,2886263.3755949,358659.939827343,3.15856355014707,2.4033952337671365,0.7551683163799336
steepener_50bps,3120171.462458657,2807529.382053504,312642.08040515287,3.1180812433847933,2.375634452804549,0.7424467905802441
flattener_50bps,3160868.6991858846,2820912.8913796693,339955.80780621525,3.1454604289043355,2.3884172869293203,0.7570431419750152
ramp_up_30bps,3124909.943838747,2807121.793382982,317788.1504557654,3.123572025825088,2.377727529216878,0.7458444966082101
